[{
    "name": "avi",
    "address": {
        "city": "Jerusalem",
        "street":
        { 
            "name": "Yafo",
            "number": "7"
        }
    }
},
{
    "name": "dvir",
    "address": {
        "city": "Petha-Tikva",
        "street":
        { 
            "name": "Ben Gurion",
            "number": "2"
        }
    }
},
{
    "name": "dani",
    "address": {
        "city": "Ramat-Gan",
        "street":
        { 
            "name": "Yafo",
            "number": "8"
        }
    }
}]